и,and
не,not
я,I
он,he
они,they
она,she
мы,we
но,but
так,so
наш,our
только,only
такой,such
уже,already
когда,when
первый,first
год,year
кто,who
её,her
очень,very
большой,large
новый,new
работа,work
если,if
мой,my
где,where
здесь,here
теперь,now
дом,house
или,or
там,there
слово,word
глаз,eye
их,their
даже,even
тысяча,thousand
вода,water
молодой,young
тоже,too
три,three
труд,labour
хороший,good
второй,second
место,place
страна,country
двадцать,twenty
больше,more
ваш,your
комната,room
голова,head
почему,why
стол,table
мальчик,boy
девушка,girl
сегодня,today
сторона,side
совсем,completely
маленький,small
вдруг,suddenly
пять,five
вопрос,question
письмо,letter
вместе,together
дорога,road
старый,old
улица,street
книга,book
всегда,always
минута,minute
снова,again
окно,window
последний,last
отец,father
час,hour
просто,simply
третий,third
никто,nobody
лучше,better
почти,almost
конец,end
сто,hundred
художник,artist
четыре,four
пока,while
белый,white
республика,republic
быстро,quickly
главный,main
газета,newspaper
песня,song
вечер,evening
опять,again
план,plan
правда,truth
сорок,forty
поле,field
красный,red
более,more
урок,lesson
тело,body
рядом,alongside
интересный,interesting
никогда,never
район,region
нужный,necessary
особенно,especially
тридцать,thirty
десять,ten
картина,picture
комитет,committee
пусть,let
разговор,conversation
союз,union
война,war
хотя,although
целый,whole
группа,group
скоро,soon
студент,student
товарищ,comrade
полный,full
оно,it
женщина,woman
сад,garden
прошлый,past
мастер,master
стена,wall
брат,brother
пятый,fifth
раньше,earlier
тихо,quiet
чёрный,black
великий,great
завтра,tomorrow
широкий,wide
плечо,shoulder
разве,really
снег,snow
сердце,heart
недавно,recently
член,member
поэтому,consequently
школьник,schoolboy
дальше,further
ветер,wind
солнце,sun
море,sea
огромный,enormous
ученик,pupil
чувство,feeling
борьба,struggle
хлеб,bread
внимание,attention
иногда,sometimes
фабрика,factory
всякий,any
директор,director
красивый,beautiful
хозяйство,economy
душа,soul
четвёртый,fourth
шесть,six
инженер,engineer
тяжёлый,heavy
воздух,air
жена,wife
молоко,milk
однако,however
угол,corner
бумага,paper
длинный,long
часто,often
шестой,sixth
игра,game
порядок,order
успех,success
прежде,before
рассказ,story
семья,family
утро,morning
армия,army
нос,nose
техника,technology
доклад,report
седьмой,seventh
поздно,late
встреча,meeting
культура,culture
ну,well
личный,personal
школа,school
многий,many
организация,organization
станция,station
чем,than
мнение,opinion
медленно,slowly
начало,beginning
зал,hall
спортивный,sporting
зелёный,green
бабушка,grandmother
ответ,answer
восемь,eight
доска,board
неделя,week
завод,factory
форма,form
герой,hero
съезд,congress
ход,movement
шаг,step
клуб,club
небольшой,small
художественный,artistic
кто-то,someone
государство,state
американский,American
восьмой,eighth
пауза,pause
далеко,far
здание,building
птица,bird
самолёт,aeroplane
семь,seven
шофёр,driver
известный,well-known
правильно,correctly
готовый,ready
простой,simple
иной,other
результат,result
доктор,doctor
важный,important
знание,knowledge
плохо,badly
развитие,development
бог,God
общество,society
условие,condition
солдат,soldier
революция,revolution
судьба,fate
мера,measure
энергия,energy
положение,position
миллион,million
интерес,interest
материал,material
закон,law
природа,nature
масса,mass
бой,battle
политический,political
волна,wave
система,system
ребёнок,child
что-нибудь,anything
правительство,government
экономический,economic
чёрт,devil
качество,quality
международный,international
офицер,officer
проблема,problem
коммунизм,communism
километр,kilometre
количество,quantity
коммунист,communist
победа,victory
река,river
производство,production
холодный,cold
богатый,rich
строительство,construction
характер,character
необходимый,essential
особый,special
подобный,similar
пример,example
революционный,revolutionary
факт,fact
малый,small
чай,tea
тёмный,dark
явление,phenomenon
событие,event
враг,enemy
глубокий,deep
температура,temperature
вчера,yesterday
автор,author
большинство,majority
муж,husband
свободный,free
идея,idea
усилие,effort
линия,line
искусство,art
капитализм,capitalism
литература,literature
страница,page
иначе,otherwise
небо,serious
население,population
театр,theatre
надежда,hope
дед,grandfather
круг,circle
программа,programme
свобода,freedom
глубина,depth
значительный,significant
зуб,tooth
менее,less
метод,method
яркий,bright
песок,sand
источник,source
половина,half
служба,service
село,village
горячий,hot
флот,fleet
данный,given
лампа,lamp
центр,centre
западный,western
корреспондент,correspondent
прочий,other
телефон,telephone
крестьянин,peasant
период,period
дружба,friendship
направление,direction
человечество,mankind
громадный,enormous
элемент,element
вероятно,probably
умный,intelligent
знаменитый,famous
слеза,tear
где-то,somewhere
карман,pocket
музей,museum
ясный,clear
колено,knee
страх,fear
тёплый,warm
высота,height
музыка,music
остров,island
столь,so
трудный,difficult
социальный,social
воспитание,upbringing
луна,moon
кухня,kitchen
рисунок,drawing
цена,price
теория,theory
губа,lip
специальный,special
тётя,aunt
центральный,central
местный,local
растение,plant
океан,ocean
плод,fruit
существование,existence
бывший,former
газ,gas
честный,honest
позиция,position
ухо,ear
аппарат,apparatus
плохой,bad
поезд,train
профессор,professor
серьёзно,seriously
гражданин,citizen
дурак,fool
пшеница,wheat
беда,misfortune
звезда,star
обычный,usual
атмосфера,atmosphere
пустой,empty
дальнейший,further
либо,or
ракета,rocket
академия,academy
впечатление,impression
древний,ancient
пароход,steamer
разоружение,disarmament
внешний,exterior
нож,knife
крайний,extreme
моряк,sailor
принцип,principle
электрический,electric
дворец,palace
золото,gold
специалист,specialist
длина,length
абсолютно,absolutely
почва,soil
низкий,low
очевидно,obviously
серый,grey
анализ,analysis
влияние,influence
атомный,atomic
защита,defence
кусок,piece
молчание,silence
наверное,probably
неожиданно,unexpectedly
практический,practical
предел,limit
взрыв,explosion
сестра,sister
фигура,figure
бедный,poor
верхний,upper
возможный,possible
вес,weight
врач,doctor
жёлтый,yellow
поэт,poet
рот,mouth
собака,dog
капитан,captain
философия,philosophy
здоровье,health
ошибка,mistake
тотчас,immediately
практика,practice
сожаление,regret
укрепление,strengthening
крыша,roof
поиск,search
порт,port
требование,demand
озеро,lake
сознание,consciousness
прежний,former
документ,document
обычно,usually
продукт,product
секунда,second
сельскохозяйственный,agricultural
странный,strange
достижение,achievement
мёртвый,dead
могучий,powerful
удовольствие,pleasure
узкий,narrow
меньше,less
полк,regiment
попытка,attempt
рис,rice
спокойный,calm
щека,cheek
возраст,age
громко,loudly
дым,smoke
использование,utilization
красота,beauty
мощный,powerful
постепенно,gradually
президент,president
рыба,fish
темнота,darkness
улучшение,improvement
улыбка,smile
лоб,forehead
поколение,generation
видимо,evidently
промышленный,industrial
слабый,weak
стул,chair
фотография,photograph
восстание,uprising
демократический,democratic
зима,winter
крепко,firmly
портрет,portrait
бок,side
настроение,mood
облако,cloud
одновременно,simultaneously
территория,territory
вниз,down
адрес,address
вверх,upwards
духовный,spiritual
иностранный,foreign
литературный,literary
полезный,useful
расчёт,calculation
впереди,ahead
вскоре,soon
железо,iron
опасный,dangerous
шея,neck
южный,southern
короткий,short
вечный,eternal
строго,strictly
угроза,threat
здоровый,healthy
мост,bridge
снимок,photograph
телега,cart
физический,physical
водка,vodka
девять,nine
круглый,round
помощник,assistant
пьяный,drunk
толпа,crowd
хуже,worse
пар,steam
старинный,ancient
сухой,dry
колесо,wheel
свежий,fresh
участник,participant
чей,whose
выражение,expression
детство,childhood
доллар,dollar
коридор,corridor
бомба,bomb
кресло,armchair
погода,weather
сравнение,comparison
танец,dance
обстоятельство,circumstance
творческий,creative
торговля,trade
всюду,everywhere
журналист,journalist
противоречие,contradiction
резкий,sharp
сомнение,doubt
труба,pipe
тюрьма,prison
внимательно,attentively
порог,threshold
просьба,request
университет,university
академик,academician
битва,battle
взрослый,adult
капля,drop
непонятный,incomprehensible
нижний,lower
прогресс,progress
пункт,point
редкий,rare
уважение,respect
ужас,horror
цветной,coloured
шар,sphere
дама,lady
демократия,democracy
деревянный,wooden
истина,truth
любимый,favourite
поведение,behaviour
рукав,sleeve
соединённый,united
фамилия,surname
активный,active
библиотека,library
печка,stove
планета,planet
понятный,comprehensible
правило,rule
прозрачный,transparent
шутка,joke
авторитет,authority
видный,eminent
внезапно,suddenly
двенадцать,twelve
звук,sound
низко,low
острый,sharp
полоса,strip
середина,middle
агрессия,aggression
зло,evil
кругом,around
нередко,often
поддержка,support
подъём,rise
проект,project
сообщение,communication
сосед,neighbour
твёрдо,firmly
англичанин,Englishman
во-вторых,secondly
восток,east
запах,smell
карандаш,pencil
корова,cow
краска,paint
май,May
передача,transmission
горизонт,horizon
минутка,moment
расстояние,distance
север,north
традиция,tradition
фраза,phrase
чемодан,suitcase
голый,naked
оборудование,equipment
спорт,sport
успешно,successfully
фильм,film
дисциплина,discipline
изображение,depiction
несомненно,undoubtedly
примерно,approximately
талант,talent
величина,size
зеркало,mirror
крыло,wing
папироса,cigarette
платье,dress
пушка,cannon
получение,receiving
приятно,pleasant
посёлок,settlement
потеря,loss
пожар,fire
сердито,angrily
тесный,tight
экзамен,examination
болото,marsh
капиталист,capitalist
крепкий,strong
музыкальный,musical
организм,organism
остаток,remainder
привычка,habit
соглашение,agreement
спор,argument
увеличение,increase
ужасно,terribly
урожай,harvest
ценный,valuable
борода,beard
пища,food
телеграмма,telegram
транспорт,transport
бык,bull
меньший,smaller
неожиданный,unexpected
официальный,official
охотник,hunter
понимание,understanding
профессия,profession
сооружение,construction
сторож,watchman
тревога,alarm
белоснежный,snow-white
бутылка,bottle
давление,pressure
запад,west
колебание,hesitation
механический,mechanical
подлинный,genuine
превращение,conversion
верховный,supreme
взаимный,mutual
инициатива,initiative
лекция,lecture
мокрый,wet
моральный,moral
опытный,experienced
отсутствие,absence
пятнадцать,fifteen
реакция,reaction
сказка,fairy-tale
чудесный,wonderful
бурный,stormy
купец,merchant
лёд,ice
мороз,frost
оборона,defence
освобождение,liberation
знак,sign
масштаб,scale
присутствие,presence
пустяк,trifle
пятно,spot
рождение,birth
сопротивление,resistance
ужасный,terrible
флаг,flag
атака,attack
двое,two
европейский,European
крестьянство,peasantry
ничтожный,worthless
норма,norm
отчего,why
патриот,patriot
пропаганда,propaganda
пулемёт,machine-gun
соревнование,competition
командир,commander
единство,unity
президиум,presidium
дикий,wild
сумма,sum
социализм,socialism
женский,female
искусственный,artificial
конференция,conference
куст,bush
мозг,brain
нация,nation
непрерывный,uninterrupted
самовар,samovar
шёпот,whisper
абсолютный,absolute
выигрыш,win
жестокий,cruel
неизвестный,unknown
пустыня,desert
суровый,harsh
ус,whisker
чемпион,champion
билет,ticket
везде,everywhere
великолепный,magnificent
грех,sin
грязный,dirty
изготовление,manufacture
критика,criticism
пожилой,elderly
полиция,police
рыжий,red-haired
сахар,sugar
благородный,noble
вино,wine
лично,personally
экспедиция,expedition
вооружённый,armed
выстрел,shot
жертва,victim
животное,animal
информация,information
концерт,concert
костёр,bonfire
крайне,extremely
механизм,mechanism
многочисленный,numerous
объяснение,explanation
переворот,coup
перо,feather
поворот,turn
позади,behind
распределение,distribution
свеча,candle
секрет,secret
скучно,boring
список,list
сфера,sphere
актёр,actor
арест,arrest
бытие,existence
вкус,taste
достаточный,sufficient
крест,cross
медицинский,medical
механик,mechanic
му?ка,torment
мука?,flour
напряжение,tension
нормальный,normal
печальный,sad
рассвет,daybreak
голод,hunger
доверие,trust
драгоценный,valuable
наблюдение,observation
перестройка,restructuring
преимущество,advantage
приятный,pleasant
редко,rarely
соответствующий,corresponding
хвост,tail
чрезвычайно,extremely
агрессивный,aggressive
естественно,naturally
любопытство,curiosity
непосредственно,immediately
нигде,nowhere
ответственный,responsible
отличный,excellent
решительный,decisive
рынок,market
сплошной,continuous
удивительно,surprisingly
шестьдесят,sixty
арена,arena
далее,further
кто-нибудь,anyone
рубашка,shirt
тьма,darkness
благоприятный,favourable
домашний,domestic
дыхание,breathing
колокол,bell
невидимый,invisible
обязательство,pledge
сравнительно,comparatively
теоретический,theoretical
агроном,agronomist
восточный,eastern
заметно,noticeably
коренной,fundamental
мясо,meat
надёжный,reliable
одинаковый,identical
памятник,monument
подход,approach
помещик,landowner
появление,appearance
талантливый,talented
технология,technology
фактор,factor
агент,agent
вариант,variant
выбор,choice
гул,rumble
забор,fence
континент,continent
копейка,kopeck
лозунг,slogan
невольно,unintentionally
незаметно,imperceptibly
несчастный,unhappy
пассажир,passenger
раб,slave
роза,rose
сигнал,signal
стук,knock
фантастический,fantastic
ярко,brightly
бесконечно,endlessly
буквально,literally
выгодный,advantageous
грандиозный,grandiose
ласково,affectionately
любопытный,curious
одежда,clothes
отъезд,departure
практически,practically
прогрессивный,progressive
славный,glorious
автоматический,automatic
активно,actively
вредный,harmful
десятилетие,decade
достойный,worthy
жест,gesture
исключение,exception
ледяной,icy
муха,fly
обязанный,obliged
потолок,ceiling
проклятый,damned
самостоятельный,independent
союзник,ally
тарелка,plate
топливо,fuel
удивление,surprise
холм,hill
безусловно,undoubtedly
больница,hospital
восторг,delight
горло,throat
доход,income
конечный,final
корзина,basket
непрерывно,continuously
обсуждение,discussion
палка,stick
перемена,change
прочь,away
священник,priest
совершенный,perfect
фантазия,imagination
вина,guilt
воскресенье,Sunday
впоследствии,subsequently
гостиница,hotel
звено,link
командование,command
крепостной,serf
логика,logic
независимый,independent
пиджак,jacket
полка,shelf
поэтический,poetic
преступление,crime
ранний,early
расход,expenditure
серия,series
целиком,entirely
август,August
бесполезный,useless
бесчисленный,innumerable
бледный,pale
внизу,below
нападение,attack
напряжённый,tense
никуда,nowhere
одинокий,solitary
поздний,late
полоска,strip
раненый,wounded
скорый,fast
столетие,century
финансовый,financial
экран,screen
бесцветный,colourless
биография,biography
блеск,shine
воображение,imagination
грозный,threatening
домик,cottage
закат,sunset
кукла,doll
называемый,called
нарочно,deliberately
пуля,bullet
рубаха,shirt
стимул,stimulus
сумасшедший,mad
умение,ability
чтение,reading
верх,top
внезапный,sudden
вслух,aloud
гордый,proud
горький,bitter
делегат,delegate
дешёвый,cheap
длительный,lengthy
естественный,natural
заяц,hare
луг,meadow
мгновение,moment
незнакомый,unfamiliar
нерв,nerve
оценка,assessment
поэзия,poetry
предыдущий,preceding
разрушение,destruction
ресурс,resource
удовлетворение,satisfaction
агрессор,aggressor
ведро,bucket
выставка,exhibition
доказательство,proof
зона,zone
игрок,player
исключительный,exceptional
настойчиво,insistently
неловко,awkwardly
обмен,exchange
окружающий,surrounding
отказ,refusal
откровенно,frankly
привычный,customary
различие,difference
склон,slope
сохранение,preservation
топор,axe
тщательно,thoroughly
угрюмо,gloomily
упорный,persistent
шкаф,cupboard
юг,south
балкон,balcony
бокал,wineglass
всерьёз,seriously
вход,entrance
гроб,coffin
действующий,functioning
делегация,delegation
десятый,tenth
заметный,noticeable
защитник,defender
звон,ringing
какой-либо,any
кандидат,candidate
кирпич,brick
краткий,short
куча,heap
лидер,leader
ложка,spoon
минувший,past
невозможный,impossible
нитка,thread
окончательный,final
отчаяние,despair
охотно,willingly
пасха,Easter
по-видимому,seemingly
препятствие,obstacle
природный,natural
происхождение,origin
благодарный,grateful
в-третьих,thirdly
гений,genius
героический,heroic
классический,classical
климат,climate
марш,march
недавний,recent
неизбежно,inevitably
неподвижный,motionless
освещение,illumination
продолжение,continuation
публика,public
разница,difference
свинья,pig
скромный,modest
слегка,slightly
снижение,lowering
сочетание,combination
тряпка,rag
философский,philosophical
царство,kingdom
величие,greatness
голодный,hungry
громкий,loud
дважды,twice
ежегодно,annually
изредка,occasionally
манера,manner
несчастье,misfortune
оркестр,orchestra
откровенный,frank
предположение,supposition
равенство,equality
смирно,quietly
специально,specially
стрела,arrow
успешный,successful
учебный,educational
яблоко,apple
бедствие,disaster
ближний,near
введение,introduction
девица,girl
дневник,diary
дружественный,friendly
истинный,true
кризис,crisis
милиция,police
молния,lightning
намерение,intention
отчёт,report
повышенный,raised
политик,politician
почётный,respected
пыльный,dusty
свадьба,wedding
сладкий,sweet
скука,boredom
суббота,Saturday
таинственный,mysterious
ущерб,damage
хитрый,cunning
честно,honestly
буфет,snackbar
быстрота,speed
зарубежный,foreign
империя,empire
категория,category
монета,coin
мышление,thinking
подходящий,suitable
рабство,slavery
радостно,joyfully
сантиметр,centimetre
скот,cattle
тактика,tactics
уверенно,confidently
холод,cold
эффект,effect
бельё,linen
берёза,birch
бородатый,bearded
возмущение,indignation
где-нибудь,anywhere
горшок,pot
гроза,thunderstorm
грустный,sad
единица,unit
жадный,greedy
занавеска,curtain
испуганно,fearfully
медленный,slow
нарядный,well-dressed
неизбежный,inevitable
плата,payment
положительный,positive
прокурор,prosecutor
просторный,spacious
разумный,sensible
рамка,frame
расширение,expansion
сверкающий,sparkling
семнадцать,seventeen
табак,tobacco
фон,background
четырнадцать,fourteen
больший,bigger
вдвое,double
ветка,branch
владёлец,owner
волк,wolf
гнев,anger
иллюзия,illusion
мягко,softly
обломок,fragment
одеяло,blanket
осколок,splinter
поражение,defeat
праздничный,festive
рубеж,boundary
сарай,shed
современник,contemporary
сок,juice
структура,structure
стыд,shame
угнетённый,oppressed
философ,philosopher
аудитория,auditorium
временный,temporary
глупо,stupidly
долина,valley
дополнительный,additional
жалкий,pitiful
искренний,sincere
килограмм,kilogram
крыса,rat
неприятный,unpleasant
смело,boldly
фашизм,Fascism
беспощадный,merciless
брошюра,brochure
бугор,mound
дуб,oak
закрытый,closed
лопата,spade
магнитофон,tape-recorder
мужество,courage
награда,reward
необыкновенный,unusual
овца,sheep
падение,fall
поистине,indeed
пот,sweat
пребывание,stay
пристально,fixedly
разнообразие,variety
религия,religion
родственник,relative
скамейка,bench
совершенствование,improvement
сокровище,treasure
сплошь,completely
существующий,existing
толщина,thickness
ужин,supper
чашка,cup
чепуха,nonsense
вклад,contribution
временно,temporarily
годовой,yearly
доступный,accessible
китайский,Chinese
корм,fodder
кровавый,bloody
крышка,lid
нравственный,moral
объединённый,united
окраина,outskirts
описание,description
остановка,stop
очевидный,obvious
патрон,cartridge
пенсия,pension
плен,captivity
плоский,flat
плотно,tightly
реклама,advertisement
скамья,bench
скучный,boring
собор,cathedral
торопливо,hastily
убитый,killed
якобы,allegedly
аллея,avenue
баня,bath-house
бурый,greyish-brown
величественный,majestic
возвращение,return
гриб,mushroom
девятый,ninth
еда,food
жестоко,cruelly
за?мок,castle
замо?к,lock
идеал,ideal
ковёр,carpet
колоссальный,colossal
куда-то,somewhere
наивный,naive
неведомый,unknown
пение,singing
планирование,planning
повар,cook
полёт,flight
последствие,consequence
приблизительно,approximately
рана,wound
слепой,blind
трактор,tractor
германский,Germanic
лаборатория,laboratory
казак,Cossack
металл,metal
эксплуатация,exploitation
колонна,column
рыбак,fisherman
завоевание,conquest
слышный,audible
срочно,urgently
ссора,quarrel
ступенька,step
бессмертный,immortal
веселье,merriment
внучка,granddaughter
воин,warrior
изобретение,invention
катастрофа,disaster
легенда,legend
летучий,flying
обильный,abundant
отечество,fatherland
памятный,memorable
патриотический,patriotic
подлец,scoundrel
приезд,arrival
протест,protest
разноцветный,many-coloured
редактор,editor
сухо,drily
тревожно,anxiously
юный,young
взаимоотношение,interrelation
восемьдесят,eighty
выгода,advantage
досада,annoyance
дьявол,devil
жаркий,hot
забытый,forgotten
загрязнение,pollution
искра,spark
искренне,sincerely
куда-нибудь,anywhere
молитва,prayer
молчаливый,taciturn
монах,monk
наверх,upwards
обслуживание,service
одинаково,identically
одиннадцать,eleven
организатор,organizer
полотенце,towel
поразительный,astonishing
постройка,building
преступник,criminal
привет,greeting
продажа,sale
растущий,growing
удачный,successful
башня,tower
безработица,unemployment
гнездо,nest
дорого,dearly
испуганный,frightened
кривой,squint
наличие,presence
обвинение,accusation
обычай,custom
обязательный,compulsory
ого,oho!
отражение,reflection
ресторан,restaurant
соответствие,accordance
срочный,urgent
схема,diagram
счастливо,happily
традиционный,traditional
тысячелетие,millennium
уважаемый,respected
широта,width
беспорядочный,disorderly
благополучие,well-being
вековой,centuries-old
восстановление,restoration
гром,thunder
дружеский,friendly
жажда,thirst
заведение,institution
законный,legal
затрата,expense
клевета,slander
коробка,box
лекарство,medicine
миг,moment
немалый,considerable
неправильно,incorrectly
неправильный,incorrect
нищета,poverty
общежитие,hostel
определение,definition
очаг,hearth
повсюду,everywhere
пустота,emptiness
свободно,freely
текст,text
убийство,murder
убыток,loss
упражнение,exercise
цивилизация,civilization
чин,rank
автобус,bus
бесспорно,indisputably
бесстрашный,fearless
вспышка,flash
гладкий,smooth
грубо,coarsely
двадцатый,twentieth
завтрак,breakfast
замечание,remark
недоступный,inaccessible
независимо,independently
неясный,unclear
ограниченный,limited
пиво,beer
побережье,coast
противный,disgusting
пышный,luxuriant
разбитый,broken
слабо,weakly
сладко,sweetly
сторонник,supporter
типичный,typical
босой,barefoot
вольный,free
воротник,collar
дата,date
единственно,only
игрушка,toy
коллективный,collective
контора,office
маршрут,route
наружу,outside
невиданный,unprecedented
недостаточный,insufficient
незначительный,insignificant
необычный,unusual
нервный,nervous
опора,support
отдельно,separately
отрицательный,negative
отчаянный,desperate
песенка,song
претензия,claim
риск,risk
рама,frame
скрытый,hidden
согласие,agreement
страдание,suffering
сходство,similarity
упрямо,stubbornly
частый,frequent
яйцо,egg
ветерок,breeze
мелодия,melody
химия,chemistry
тенденция,tendency
застой,stagnation
административный,administrative
большевик,Bolshevik
хозяйственный,economic
химический,chemical
фашист,Fascist
металлический,metallic
резерв,reserve
винтовка,rifle
атом,atom
конструкция,construction
органический,organic
материя,matter
фундамент,foundation
строение,construction
гвардия,Guards
пистолет,pistol
социалистический,socialist
артиллерия,artillery
ядерный,nuclear
буржуазный,bourgeois
партизан,partisan
технологический,technological
физика,physics
геолог,geologist
диктатура,dictatorship
академический,academic
солома,straw
соперник,rival
таковой,such
телеграф,telegraph
формирование,formation
авиация,aviation
актуальный,topical
аристократия,aristocracy
баржа,barge
батальон,battalion
бетон,concrete
конституция,constitution
листва,foliage
обыкновенно,usually
проволока,wire
путешественник,traveller
функция,function
агентство,agency
бульвар,avenue
курица,hen
взаимодействие,interaction
взволнованно,anxiously
вздох,sigh
влажный,damp
дар,gift
дипломатический,diplomatic
дистанция,distance
драма,drama
жених,fianc?
идеологический,ideological
индустрия,industry
инструкция,instructions
карьера,career
конкурс,competition
кот,tomcat
мрамор,marble
няня,nurse
паспорт,passport
подбородок,chin
подвода,cart
поперечный,transverse
популярный,popular
последовательно,consistently
разделение,division
рай,paradise
родня,relatives
серебро,silver
соседство,vicinity
сосна,pine-tree
угнетение,oppression
узор,pattern
украинский,Ukrainian
уникальный,unique
устойчивый,stable
эксперимент,experiment
построение,construction
разбойник,brigand
статуя,statue
близнец,twin
рельс,rail
реформа,reform
теплота,warmth
трение,friction
установление,establishment
языковой,linguistic
диаметр,diameter
дореволюционный,pre-revolutionary
компас,compass
накопление,accumulation
парадокс,paradox
полковник,colonel
глина,clay
производительный,productive
пуговица,button
мельница,mill
букет,bouquet
окоп,trench
сезон,season
животноводство,stock-raising
стрельба,shooting
гонка,race
прислуга,servants
вдова,widow
психологический,psychological
француз,Frenchman
лейтенант,lieutenant
машинист,engine-driver
лунный,lunar
комплекс,complex
композитор,composer
воробей,sparrow
плакат,poster
револьвер,revolver
ферма,farm
братство,brotherhood
деление,division
сенатор,senator
первичный,primary
погон,shoulder-strap
посев,sowing
груша,pear
жила,vein
стадо,herd
барыня,lady
идиот,idiot
кладбище,cemetery
бухта,bay
козёл,goat
император,emperor
полярный,polar
земледелие,agriculture
песчаный,sandy
пехота,infantry
залив,bay
механизация,mechanization
конгресс,congress
огурец,cucumber
посол,ambassador
ветеран,veteran
воинский,military
порошок,powder
аппаратура,apparatus
декрет,decree
плотина,dam
ранг,rank
безумие,madness
бессмертие,immortality
идеология,ideology
питательный,nourishing
окраска,colouring
архитектура,architecture
зрительный,visual
турнир,tournament
причал,mooring
шторм,gale
рюмка,wineglass
крючок,hook
химик,chemist
ваза,vase
сотрудничество,collaboration
физик,physicist
спортсмен,sportsman
архитектурный,architectural
коллекция,collection
миролюбивый,peace-loving
автоматизация,automation
вулкан,volcano
старец,elder
адмирал,admiral
охлаждение,cooling
социалист,socialist
видение,vision
кислород,oxygen
пещера,cave
равнина,plain
продолжительный,prolonged
водохранилище,reservoir
чемпионат,championship
сердитый,angry
ассортимент,assortment
барабан,drum
грешный,sinful
доброволец,volunteer
допрос,interrogation
заманчивый,tempting
клад,treasure
компьютер,computer
коричневый,brown
купол,cupola
миллиметр,millimetre
младенец,baby
насквозь,through
небрежно,carelessly
нелепый,absurd
необычайный,exceptional
нетерпеливо,impatiently
обрыв,precipice
опасно,dangerously
опера,opera
орошение,irrigation
откос,slope
палач,executioner
парижский,Parisian
пейзаж,landscape
перегрузка,overload
переплёт,binding
пожелание,wish
почин,initiative
провод,wire
простота,simplicity
прочно,solidly
рассеянный,absent-minded
робко,timidly
свист,whistling
сев,sowing
скандал,scandal
советник,adviser
спокойствие,calmness
сражение,battle
стадион,stadium
татарин,Tatar
усиление,strengthening
чудовищный,monstrous
шумный,noisy
эра,era
эффективный,effective
адвокат,lawyer
архитектор,architect
блокнот,notepad
веко,eyelid
внук,grandson
вор,thief
встречный,oncoming
глухо,indistinctly
жёсткий,harsh
заблуждение,delusion
загадочный,mysterious
заговор,plot
задумчивый,thoughtful
заработок,earnings
излишний,superfluous
изобилие,abundance
икона,icon
индивидуальный,individual
индустриальный,industrial
капелька,droplet
количественный,quantitative
конфликт,conflict
контакт,contact
корреспонденция,correspondence
максимальный,maximal
мундир,uniform
настойчивый,insistent
находка,find
неоднократно,repeatedly
орех,nut
паника,panic
плотник,carpenter
презрение,scorn
преимущественно,primarily
приход,arrival
рекорд,record
семьдесят,seventy
сено,hay
ситуация,situation
сияние,radiance
тощий,emaciated
труп,corpse
упорно,persistently
формула,formula
хло?пок,cotton
цикл,cycle
экспериментальный,experimental
анархия,anarchy
вольно,freely
восемнадцать,eighteen
вредно,harmful
вынужденный,forced
географический,geographical
гитара,guitar
горка,hillock
девяносто,ninety
демонстрация,demonstration
достояние,property
завершение,completion
законодательство,legislation
зрелище,spectacle
иголка,needle
изложение,exposition
историк,historian
клин,wedge
манёвр,manoeuvre
математика,mathematics
недоумение,bewilderment
неловкий,awkward
ограда,fence
определённо,definitely
оригинальный,original
отцовский,paternal
позор,disgrace
поляк,Pole
преодоление,overcoming
приглашение,invitation
прикосновение,contact
прыжок,jump
религиозный,religious
робкий,timid
самостоятельно,independently
состязание,competition
убеждённый,convinced
усердно,conscientiously
устало,wearily
ух,ooh!
холодильник,refrigerator
частота,frequency
чердак,attic
экскурсия,excursion
юбка,skirt
ястреб,hawk
авангард,vanguard
бесспорный,indisputable
взвод,platoon
вкусный,tasty
грамотный,literate
дискуссия,discussion
дрожащий,trembling
желудок,stomach
засуха,drought
затруднение,difficulty
значок,badge
изумительный,amazing
изящный,elegant
карточка,card
коалиция,coalition
комментарий,commentary
маска,mask
наибольший,largest
насмешка,taunt
неизменно,invariably
немедленный,immediate
необыкновенно,unusually
нетерпение,impatience
неудача,failure
одобрение,approval
отважный,courageous
палатка,tent
пена,foam
первобытный,primitive
платформа,platform
повседневный,everyday
покупка,purchase
полночь,midnight
проза,prose
психология,psychology
пятница,Friday
репутация,reputation
силуэт,silhouette
совместно,jointly
содружество,commonwealth
сурово,severely
техник,technician
тоненький,slim
трус,coward
украшение,decoration
упрёк,reproach
усталый,tired
факультет,faculty
электричество,electricity
яблоня,apple-tree
абстрактный,abstract
агитация,agitation
администрация,administration
бережно,carefully
великан,giant
венгерский,Hungarian
волшебный,magic
враждебный,hostile
вред,harm
геологический,geological
гнёт,oppression
демократ,democrat
духовенство,clergy
жадно,greedily
замена,replacement
заново,anew
знаток,expert
ирония,irony
колония,colony
конфета,sweet
кто-либо,anyone
лапа,paw
ловушка,trap
любопытно,curiously
материк,mainland
налог,tax
национализм,nationalism
негодяй,rascal
недоверие,mistrust
ненужный,unnecessary
непререкаемый,unquestionable
новинка,novelty
образованный,educated
отныне,henceforth
отчаянно,desperately
официант,waiter
патриотизм,patriotism
переписка,correspondence
погреб,cellar
подсчёт,calculation
поправка,correction
превосходство,superiority
провокация,provocation
пророк,prophet
пьянство,drunkenness
радуга,rainbow
ресница,eyelash
ритм,rhythm
своевременный,timely
сдержанный,restrained
скотина,cattle
прогноз,forecast
тусклый,dim
удача,success
ускорение,acceleration
уступка,concession
церемония,ceremony
цирк,circus
четверг,Thursday
чудесно,wonderfully
шумно,noisily
элементарный,elementary
энергичный,energetic
энтузиазм,enthusiasm
безупречный,irreproachable
безусловный,unconditional
бесполезно,uselessly
биологический,biological
борющийся,struggling
бочка,barrel
бюджет,budget
вертикальный,vertical
возмущённо,indignantly
волевой,strong-willed
воронка,funnel
вторник,Tuesday
горох,peas
двенадцатый,twelfth
достигнутый,achieved
жар,heat
законодательный,legislative
избранный,selected
индийский,Indian
инспектор,inspector
искусственно,artificially
керосин,kerosene
колокольня,bell-tower
критик,critic
лауреат,prize-winner
любезный,obliging
любимец,favourite
миссия,mission
могущественный,powerful
мода,fashion
недовольно,discontentedly
необычайно,exceptionally
ноздря,nostril
огненный,fiery
описанный,described
оплата,payment
организованный,organized
отвратительный,repulsive
открытка,postcard
отчасти,partly
очертание,outline
петух,cock
подавляющий,overwhelming
поднос,tray
поднятый,raised
подозрительно,suspiciously
поставка,delivery
почерк,handwriting
почтённый,respected
пощада,mercy
приобретение,acquisition
противоречивый,contradictory
разлука,separation
ранее,earlier
рациональный,rational
резолюция,resolution
римский,Roman
скопление,accumulation
смертельный,fatal
собственник,owner
созданный,created
специфический,specific
стихотворение,poem
театральный,theatrical
трагедия,tragedy
тропинка,path
упор,prop
употребление,use
хаос,chaos
хрупкий,fragile
шестнадцать,sixteen
экономист,economist
авось,perhaps
актриса,actress
алый,scarlet
ангел,angel
античный,ancient
банкир,banker
бензин,petrol
блистательный,brilliant
болезненный,unhealthy
веление,command
вероятный,probable
восприятие,perception
деятельный,active
добровольный,voluntary
дружина,militia
кабина,cabin
камин,fireplace
кампания,campaign
крупинка,grain
лужа,puddle
мёд,honey
молоток,hammer
мрачно,gloomily
мысленно,mentally
незаметный,imperceptible
неизменный,invariable
неограниченный,unlimited
нервно,nervously
неустанно,tirelessly
отсталый,backward
официально,officially
поучительный,instructive
почтительно,respectfully
превосходный,superb
престол,throne
приготовление,preparation
приключение,adventure
разочарование,disappointment
распад,disintegration
рёв,roar
революционер,revolutionary
сбыт,sale
седло,saddle
скупой,miserly
совершенство,perfection
солёный,salted
страстно,passionately
страстный,passionate
табуретка,stool
тайком,secretly
творение,creation
терпение,patience
тост,toast
увы,alas!
учебник,textbook
цемент,cement
эпизод,episode
адский,hellish
аппетит,appetite
беззвучно,soundlessly
безоговорочный,unconditional
бессильный,powerless
ванна,bath
вежливый,polite
верблюд,camel
вертикально,vertically
виновник,culprit
возглас,exclamation
глобус,globe
гневный,angry
диалог,dialogue
дёшево,cheaply
дипломатия,diplomacy
забавный,amusing
запрещённый,forbidden
захватчик,invader
игла,needle
камешек,pebble
каска,helmet
клятва,oath
комедия,comedy
кубический,cubic
лев,lion
ленивый,lazy
лук,onions
микроскоп,microscope
мудрый,wise
музыкант,musician
наследство,inheritance
нейтральный,neutral
ниточка,thread
первостепенный,paramount
пирог,pie
подготовительный,preparatory
посольство,embassy
предание,legend
предрассудок,prejudice
примитивный,primitive
принц,prince
прохладный,cool
пятнадцатый,fifteenth
развивающийся,developing
рекомендация,recommendation
рог,horn
серебристый,silvery
сигара,cigar
систематически,systematically
скульптура,sculpture
снаряжение,equipment
сознательно,consciously
сокол,falcon
сотый,hundredth
соус,sauce
сочувствие,sympathy
странник,wanderer
сугроб,snowdrift
терпеливо,patiently
террор,terror
упадок,decline
ущелье,ravine
эстетический,aesthetic
аграрный,agrarian
ассоциация,association
балет,ballet
бархат,velvet
басня,fable
безумный,mad
бессонный,sleepless
бесшумно,noiselessly
бомбардировка,bombardment
велосипед,bicycle
весло,oar
включение,inclusion
вспомогательный,auxiliary
вторжение,invasion
выгодно,advantageously
вытянутый,stretched
галерея,gallery
годовщина,anniversary
действенный,effective
добровольно,voluntarily
живописный,picturesque
загорелый,suntanned
клиент,client
коварный,crafty
комбинация,combination
конкурент,competitor
копыто,hoof
критический,critical
материнский,maternal
мечтание,day-dreaming
миля,mile
минимум,minimum
мирно,peacefully
морозный,frosty
мыло,soap
насмешливый,sarcastic
невежество,ignorance
негодование,indignation
недоразумение,misunderstanding
некрасивый,ugly
неспособный,incapable
нестерпимо,unbearably
неудачный,unsuccessful
обезьяна,monkey
овёс,oats
организационный,organizational
осёл,donkey
отчество,patronymic
парламент,parliament
парус,sail
племянник,nephew
подчинённый,subordinate
поставщик,supplier
поцелуй,kiss
привлекательный,attractive
призрак,ghost
прорыв,breach
разногласие,disagreement
рваный,torn
рычаг,lever
санаторий,sanatorium
сближение,rapprochement
систематический,systematic
скрипка,violin
служебный,working
смирный,docile
срам,shame
трагический,tragic
тропа,path
туманный,misty
турецкий,Turkish
увольнение,dismissal
умело,skilfully
фонтан,fountain
формально,formally
хулиган,hooligan
чаща,thicket
что-либо,anything
шерстяной,woollen
аналогичный,analogous
арифметика,arithmetic
арсенал,arsenal
атеист,atheist
бандит,bandit
беззаветный,selfless
безнадёжно,hopelessly
безработный,unemployed
белизна,whiteness
беспомощный,helpless
беспощадно,mercilessly
брошенный,abandoned
бывалый,experienced
вдохновенный,inspired
вежливо,politely
визг,scream
виновный,guilty
воплощение,embodiment
восходящий,rising
всенародный,national
вывеска,signboard
гарнизон,garrison
гордо,proudly
грива,mane
грозно,threateningly
дельный,businesslike
демократизация,democratization
довоенный,prewar
досуг,leisure
жутко,dreadfully
завоёванный,conquered
зеленоватый,greenish
землетрясение,earthquake
знающий,knowledgeable
золочёный,gilded
интонация,intonation
искусно,skilfully
искусный,skilful
капуста,cabbage
квалификация,qualification
клён,maple
конверт,envelope
кооператив,cooperative
копия,copy
критически,critically
лукавый,sly
люстра,chandelier
лютый,fierce
мачта,mast
мороженое,ice-cream
мусор,litter
мыслящий,thinking
наказание,punishment
обещание,promise
объективно,objectively
океанский,oceanic
опасение,fear
освещённый,illuminated
отблеск,reflection
отпечаток,imprint
пазуха,bosom
партнёр,partner
перегородка,partition
переулок,lane
пила,saw
пирамида,pyramid
пламенный,burning
плач,weeping
подавление,suppression
подозрение,suspicion
поза,pose
порох,gunpowder
потрясение,shock
прах,dust
предшественник,predecessor
пресловутый,notorious
приветствие,greeting
приличный,decent
принятый,accepted
прославленный,renowned
прощение,pardon
публичный,public
роса,dew
самодержавие,autocracy
свисток,whistle
семейство,family
сирена,siren
мышца,muscle
соблюдение,observance
содействие,assistance
соответственно,correspondingly
специализация,specialization
стимулирование,stimulation
стратегический,strategic
суверенитет,sovereignty
сук,bough
такси,taxi
толща,thickness
трактир,inn
трибунал,tribunal
удобство,convenience
могила,grave
умно,intelligently
упрямый,stubborn
хитро,cunningly
холостой,unmarried
шпион,spy
аристократический,aristocratic
ассамблея,assembly
багровый,crimson
барометр,barometer
барьер,barrier
безнадёжный,hopeless
безымянный,nameless
белорусский,Belorussian
береговой,coastal
бесстрашие,fearlessness
благой,good
верховой,riding
вечеринка,party
воспитательный,educational
вращение,rotation
вторично,secondarily
гарантия,guarantee
гараж,garage
директива,directive
дымка,haze
дыра,hole
жильё,accommodation
забавно,amusingly
зарево,glow
защитный,protective
знаменательный,significant
золотистый,golden
извержение,eruption
изменник,traitor
изумление,amazement
кислый,sour
клоп,bedbug
косвенный,oblique
котёл,boiler
кузнец,blacksmith
кукушка,cuckoo
легкомысленный,frivolous
лживый,mendacious
логический,logical
мнимый,imaginary
напиток,drink
напор,pressure
нарастающий,growing
насос,pump
нашествие,invasion
невероятно,improbably
невинный,innocent
неграмотный,illiterate
недоуменно,uncomprehendingly
немыслимо,unthinkably
неохотно,unwillingly
неразрывно,inseparably
несправедливый,unjust
неуверенно,uncertainly
нехороший,bad
неясно,unclearly
объявление,announcement
объятие,embrace
осуждение,condemnation
отвращение,disgust
парад,parade
повреждение,damage
поднятие,raising
подробный,detailed
позорный,disgraceful
покорный,humble
понижение,lowering
послевоенный,postwar
поспешно,hastily
потомок,descendant
предчувствие,presentiment
прелестный,charming
престиж,prestige
пригодный,useful
прилично,decently
продовольствие,provisions
промышленник,industrialist
развалина,ruin
раздражение,irritation
разумно,sensibly
рассеянно,absent-mindedly
родство,kinship
сжатый,compressed
скверный,lousy
сколь,so
слон,elephant
смущение,embarrassment
снежинка,snowflake
созидательный,creative
соотношение,correlation
сопровождение,accompaniment
старомодный,old-fashioned
таблетка,pill
тайно,secretly
теплица,hothouse
тропический,tropical
удивлённый,surprised
указ,decree
унижение,humiliation
ураган,hurricane
формальный,formal
характерно,characteristically
хмурый,gloomy
храбрый,brave
шанс,chance
шёлк,silk
щедро,generously
энергично,energetically
энтузиаст,enthusiast
юмор,humour
юношеский,youthful
амнистия,amnesty
асфальт,asphalt
аэропорт,airport
баррикада,barricade
безразлично,indifferently
бесповоротно,irreversibly
бесцеремонно,unceremoniously
благородство,nobility
блаженный,blessed
брезгливо,squeamishly
бронза,bronze
валун,boulder
варежка,mitten
ветчина,ham
взаимно,mutually
виновато,guiltily
внешне,outwardly
возражение,objection
вступление,introduction
выносливый,resilient
гармонический,harmonious
гладко,smoothly
голубоватый,light-bluish
гуманный,humane
добавка,addition
дополнительно,additionally
доставка,delivery
душно,stuffy
забава,amusement
завеса,screen
зажиточный,well-off
закупка,purchase
змея,snake
иронически,ironically
искренно,sincerely
исходный,initial
каблук,heel
канава,ditch
кандидатура,candidature
капризный,capricious
кара,punishment
категорически,categorically
косынка,headscarf
кофта,blouse
крошечный,tiny
крылатый,winged
ломка,breaking
лохматый,shaggy
лыжник,skier
мамочка,mummy
математик,mathematician
меньшинство,minority
метла,broom
миллионер,millionaire
милостыня,alms
модный,fashionable
мускул,muscle
мучительно,excruciatingly
наследник,heir
невыносимый,intolerable
неизмеримо,immeasurably
неторопливо,unhurriedly
неторопливый,unhurried
неуловимый,elusive
обилие,abundance
ограничение,limitation
ожерелье,necklace
оккупация,occupation
орёл,eagle
отход,departure
парашют,parachute
передвижение,movement
персонаж,character
персональный,personal
побеждённый,defeated
повестка,notification
повторный,repeated
повязка,bandage
погоня,pursuit
подол,hem
подтверждение,confirmation
полено,log
полуостров,peninsula
порабощение,enslavement
постепенный,gradual
похвала,praise
приближение,approach
примечательный,noteworthy
равноправие,equality
развлечение,entertainment
расписка,receipt
распорядок,routine
репортаж,reporting
реставрация,restoration
свержение,overthrow
сигарета,cigarette
скачок,leap
скверно,badly
словесный,verbal
сложившийся,developed
сокровищница,treasure-house
сонный,sleepy
сороковой,fortieth
спальня,bedroom
спящий,sleeping
средневековый,medieval
сумрак,dusk
суп,soup
сушёный,dried
сюрприз,surprise
таинственно,mysteriously
телескоп,telescope
трезвый,sober
трон,throne
тщеславие,vanity
убогий,wretched
удачно,successfully
хлам,junk
хорошенький,pretty
худощавый,thin
цельный,entire
цыплёнок,chicken
череп,skull
чулок,stocking
шелест,rustling
штраф,fine
щедрый,generous
экономически,economically
эхо,echo
яд,poison
яростно,furiously
арка,arch
археолог,archaeologist
афоризм,aphorism
безграничный,limitless
безделье,idleness
безжалостный,pitiless
безопасный,safe
барак,hut
белка,squirrel
блин,pancake
биология,biology
блестяще,brilliantly
вдохновение,inspiration
веер,fan
вертолёт,helicopter
виноград,grapes
водоём,reservoir
возмездие,retribution
волосатый,hairy
восторженно,enthusiastically
восход,rise
всесторонне,thoroughly
всплеск,splash
в-четвёртых,fourthly
выразительный,expressive
вьюга,snowstorm
гениальный,brilliant
горизонтальный,horizontal
горожанин,town-dweller
гостеприимство,hospitality
грипп,influenza
грузинский,Georgian
декларация,declaration
добродушный,good-natured
добротный,high-quality
жук,beetle
журналистика,journalism
зависимый,dependent
заграничный,foreign
запоздалый,belated
измена,betrayal
инвалид,invalid
иней,hoar-frost
испуг,fright
канун,eve
квадрат,square
колея,rut
колпак,cap
конкуренция,competition
контролёр,inspector
кошмар,nightmare
кратко,briefly
лабиринт,labyrinth
легендарный,legendary
литр,litre
массивный,massive
матрос,sailor
медикамент,medicine
меч,sword
многообразие,diversity
морально,morally
москвич,Muscovite
мохнатый,shaggy
мучительный,excruciating
наивно,naively
насекомое,insect
наспех,hastily
негр,negro
нейтралитет,neutrality
неотложный,urgent
неслыханный,unprecedented
несметный,countless
новорождённый,new-born
однообразный,monotonous
окаянный,cursed
осмотр,inspection
отвлечённый,abstract
пенсионер,pensioner
паёк,ration
поверхностный,superficial
подлинно,genuinely
полушарие,hemisphere
порция,portion
празднование,celebration
преданный,devoted
предвидение,foresight
предельно,maximally
привлечение,attraction
проникновение,penetration
пытка,torture
равнодушие,indifference
раскрытый,wide-open
расовый,racial
свирепый,ferocious
символ,symbol
символический,symbolic
скудный,meagre
творец,creator
толкование,interpretation
тридцатый,thirtieth
угрожающий,threatening
украдкой,stealthily
утрата,loss
уютный,cosy
фаза,phase
федерация,federation
хвойный,coniferous
централизованный,centralized
цитата,quotation
частичный,partial
чувствительный,sensitive
чума,plague
шведский,Swedish
шорох,rustle
щётка,brush
этикетка,label
юрист,lawyer
явственно,clearly
ягода,berry
аналогия,analogy
балтийский,Baltic
бас,bass
безгранично,infinitely
бездомный,homeless
безмерно,immensely
бессонница,insomnia
библейский,biblical
благословение,blessing
богатырский,heroic
божественный,divine
вена,vein
бюрократ,bureaucrat
ведьма,witch
великолепие,magnificence
вишня,cherry
влиятельный,influential
воинственный,warlike
выяснение,explanation
гармония,harmony
героизм,heroism
гибкий,flexible
гипотеза,hypothesis
голосование,voting
детальный,detailed
добросовестно,conscientiously
драматический,dramatic
душный,stuffy
желтоватый,yellowish
зёрнышко,grain
излюбленный,favourite
иллюминатор,porthole
ископаемые,minerals
исправление,correction
истерика,hysterics
исчерпывающий,exhaustive
итальянец,Italian
клиника,clinic
коза,goat
колючий,prickly
комар,mosquito
комбинезон,overalls
котёнок,kitten
красноватый,reddish
крошка,crumb
культ,cult
лайнер,liner
лёгкое,lung
лениво,lazily
машинально,mechanically
многообразный,diverse
монумент,monument
морщинка,wrinkle
навоз,manure
научно,scientifically
незабываемый,unforgettable
немыслимый,unthinkable
непобедимый,invincible
неполный,incomplete
непреодолимый,insurmountable
неутомимый,tireless
облачный,cloudy
обнажённый,naked
обобщение,generalization
одновременный,simultaneous
окрестный,surrounding
опровержение,refutation
опущенный,lowered
осложнение,complication
оставшийся,remaining
остроумный,witty
отбор,selection
отрицание,negation
ощутимый,perceptible
панорама,panorama
парламентский,parliamentary
паутина,cobweb
первоначально,originally
переделка,alteration
перекрёсток,crossroads
пирожок,pie
плавно,smoothly
плавучий,floating
плодотворный,fruitful
повествование,narration
подозрительный,suspicious
по-другому,differently
подчас,sometimes
поединок,duel
полированный,polished
политбюро,Politburo
политически,politically
положительно,positively
помеха,hindrance
понедельник,Monday
посредство,mediation
преграда,obstacle
предисловие,foreword
предотвращение,prevention
приз,prize
примета,sign
причёска,hairstyle
процедура,procedure
пульс,pulse
радикальный,radical
разбег,run
разбой,banditry
реализм,realism
регулярно,regularly
регулярный,regular
ржавый,rusty
роковой,fateful
роскошный,luxurious
самоотверженный,self-sacrificing
секция,section
смущённый,embarrassed
совпадение,coincidence
сплочённый,united
стон,groan
стоп,stop!
таракан,cockroach
тахта,divan
терпеливый,patient
торговец,trader
тоскливо,drearily
требовательный,demanding
тренировка,training
трусливый,cowardly
тряпьё,rags
укоризненно,reproachfully
уместно,appropriately
умысел,intention
управляемый,controlled
усиленно,intensively
уютно,cosily
фальшивый,false
фарфор,porcelain
фасад,fa?ade
христианский,Christian
хромой,lame
худший,worst
чудовище,monster
шахтёр,miner
шестнадцатый,sixteenth
авантюрист,adventurer
аргумент,argument
астрономия,astronomy
базис,basis
бар,bar
башмак,shoe
безвестный,unknown
безграмотный,illiterate
бездельник,idler
бездонный,bottomless
берёт,beret
бесстрашно,fearlessly
биолог,biologist
близорукий,short-sighted
богато,richly
бойня,slaughter-house
ввысь,upwards
венский,Viennese
версия,version
вестник,messenger
взятка,bribe
вкусно,tasty
властно,imperiously
возбуждённо,excitedly
восемнадцатый,eighteenth
вражда,enmity
враждебно,hostilely
врозь,separately
всероссийский,all-Russian
выплата,payment
геройство,heroism
гимнастика,gymnastics
девятнадцатый,nineteenth
делец,wheeler-dealer
доисторический,prehistoric
досадно,annoying
дымный,smoky
дымчатый,smoke-coloured
дьякон,deacon
жгучий,burning
жёрнов,millstone
забвение,oblivion
заботливо,solicitously
загар,suntan
загрузка,loading
задержка,delay
западня,trap
земледельческий,agricultural
злодей,villain
идеализм,idealism
буржуазия,bourgeoisie
сосуд,vessel
монополия,monopoly
чайка,seagull
консул,consul
австрйец,Austrian
австрийский,Austrian
майор,major
углерод,carbon
колониальный,colonial
шарф,scarf
специализированный,specialized
эксперт,expert
араб,Arab
беженец,refugee
всадник,horseman
монархия,monarchy
облигация,bond
вальс,waltz
астроном,astronomer
концентрация,concentration
электронный,electronic
ячейка,cell
артиллерист,gunner
сосуществование,coexistence
терраса,terrace
вселённая,universe
скептик,sceptic
светящийся,luminous
плуг,plough
ширма,screen
спекулянт,speculator
гранит,granite
кролик,rabbit
монументальный,monumental
водород,hydrogen
футбол,football
потребление,consumption
республиканский,republican
кратер,crater
атмосферный,atmospheric
руда,ore
кукуруза,maize
лирический,lyrical
серный,sulphuric
фланг,flank
египетский,Egyptian
контрреволюция,counter-revolution
линза,lens
буфетчик,barman
металлургический,metallurgical
обсерватория,observatory
платёж,payment
агитатор,agitator
альпийский,alpine
изумруд,emerald
проектирование,planning
устный,oral
механика,mechanics
павильон,pavilion
скульптор,sculptor
штык,bayonet
альбом,album
девальвация,devaluation
субъективный,subjective
вожжа,rein
древесина,timber
комета,comet
перевозка,transportation
сера,sulphur
дотация,subsidy
жилетка,waistcoat
заболевание,illness
инспекция,inspection
коллективизация,collectivization
кооперация,cooperation
лишение,deprivation
феномен,phenomenon
упрочение,strengthening
уран,uranium
география,geography
конюшня,stable
лягушка,frog
металлургия,metallurgy
отрез,cut
перемирие,truce
плот,raft
принуждение,compulsion
прирост,increase
реактивный,jet-propelled
рюкзак,rucksack
синтетический,synthetic
сострадание,compassion
китаец,Chinaman
математический,mathematical
микрофон,microphone
пират,pirate
поваренный,culinary
пурга,blizzard
репортёр,reporter
шотландский,Scottish
шпага,sword
эволюция,evolution
экватор,equator
ягнёнок,lamb
антисемитизм,antisemitism
боб,bean
булавка,pin
воззвание,appeal
дебют,debut
хозрасчёт,self-financing
новатор,innovator
оптимальный,optimal
остов,framework
отсек,compartment
скула,cheekbone
резьба,carving
социал-демократический,social-democratic
туалет,toilet
футболист,footballer
шовинизм,chauvinism
атеистический,atheistic
гипсовый,plaster
застенок,torture-chamber
композиция,composition
координация,coordination
кочка,hummock
ледниковый,glacial
мозаика,mosaic
обновление,renovation
расписание,timetable
сажа,soot
светило,luminary
слива,plum
сношение,intercourse
туша,carcass
утопический,utopian
чудный,wonderful
фара,headlamp
шов,seam
шрам,scar
азот,nitrogen
аристократ,aristocrat
бес,demon
беседка,summer-house
брошка,brooch
вишь,look!
водопровод,water-pipe
кинотеатр,cinema
губернатор,governor
дворянство,gentry
диктатор,dictator
военно-морской,naval
жилка,vein
испарение,evaporation
тюк,bale
конус,cone
крепостничество,serfdom
максимум,maximum
машинистка,typist
ориентация,orientation
победоносный,victorious
полковой,regimental
репродукция,reproduction
рукоятка,handle
серп,sickle
соприкосновение,contact
сплав,alloy
сыр,cheese
термометр,thermometer
транспортировка,transportation
уцелевший,surviving
имение,estate
инстинкт,instinct
интенсивный,intensive
казарма,barracks
капкан,trap
карьерист,careerist
кастрюля,saucepan
кинжал,dagger
клинок,blade
клоун,clown
коммерческий,commercial
коллекционер,collector
колодец,well
колючка,prickle
конвой,escort
копчёный,smoked
копьё,spear
королёвский,royal
коммунальный,communal
космонавт,cosmonaut
краб,crab
крымский,Crimean
кудрявый,curly
лавина,avalanche
лампада,icon-lamp
ландшафт,landscape
легкомыслие,thoughtlessness
ловля,catching
ложный,false
люлька,cradle
магнит,magnet
маятник,pendulum
медлительный,slow
метко,accurately
мираж,mirage
миф,myth
многовековой,centuries-old
мобилизация,mobilization
морщина,wrinkle
мох,moss
муравей,ant
мысленный,mental
наглый,impudent
наёмник,mercenary
населённый,inhabited
неблагоприятный,unfavourable
невесёлый,joyless
невзрачный,unattractive
незаменимый,irreplaceable
неминуемо,inevitably
необозримый,immense
необычно,unusually
неосторожный,careless
непоправимый,irreparable
непременный,indispensable
неприлично,indecently
неравномерный,irregular
несложный,uncomplicated
несомненный,undoubted
нетронутый,untouched
неустойчивый,unstable
неприемлемый,unacceptable
нудный,tedious
обиженный,offended
обречённый,doomed
обстрел,bombardment
обыденный,ordinary
оскорбительный,insulting
ослепительный,dazzling
островок,islet
отвага,courage
отвесный,steep
отклик,response
отрывок,excerpt
ошибочный,mistaken
панихида,requiem
паром,ferry
пассивный,passive
певец,singer
пепельница,ashtray
переработка,reworking
персидский,Persian
пленительный,captivating
погрузка,loading
половица,floorboard
полый,hollow
потемневший,darkened
потомственный,hereditary
почтальон,postman
почтение,respect
предок,ancestor
предсказание,prediction
пригород,suburb
приподнятый,elated
прозвище,nickname
прокат,hire
проклятие,curse
пронзительный,penetrating
простительно,pardonably
публикация,publication
разъяснение,explanation
расстроенный,upset
репрессия,repression
рукопожатие,handshake
садовод,gardener
самоубийство,suicide
сахарный,sugary
свёкла,beet
сгорание,combustion
сдвинутый,shifted
свитер,sweater
сектор,sector
сибиряк,Siberian
сито,sieve
сковородка,frying-pan
славянский,Slavonic
сорняк,weed
спекуляция,speculation
спешный,urgent
стратегия,strategy
суеверный,superstitious
сюртук,frock-coat
тактический,tactical
тара,packaging
творчески,creatively
телёнок,calf
теоретически,theoretically
тигр,tiger
томительный,tiresome
торт,cake
треугольник,triangle
тринадцать,thirteen
тщательный,thorough
удаление,removal
уклончиво,evasively
укор,reproach
умелый,skilful
факел,torch
фактический,actual
фермер,farmer
физически,physically
флейта,flute
хрипло,hoarsely
хриплый,hoarse
частично,partially
чудно,wonderfully
чуткий,sensitive
шампанское,champagne
щёлка,chink
щит,shield
эстрада,stage
этика,ethics
ад,hell
аккорд,chord
активизация,activization
апельсин,orange
апостол,apostle
ассигнование,allocation
бездушный,heartless
беззаветно,selflessly
безмолвно,silently
безуспешно,unsuccessfully
бесстыдно,shamelessly
бизнесмен,businessman
благополучный,successful
блаженство,bliss
допустимый,permissible
браслет,bracelet
брожение,ferment
броня,armour-plating
будка,booth
буквальный,literal
бухгалтер,bookkeeper
бюрократический,bureaucratic
бюрократия,bureaucracy
весомый,weighty
виноградник,vineyard
долгосрочный,long-term
вице-президент,vice-president
внушительно,impressively
водопад,waterfall
воедино,together
вол,ox
воровство,stealing
ворона,crow
вульгарный,vulgar
выжидательно,expectantly
высококачественный,high-quality
геройский,heroic
годный,suitable
голландский,Dutch
горчица,mustard
губительный,destructive
доверительно,confidentially
доверчивый,trusting
доктрина,doctrine
достоверный,reliable
доярка,milkmaid
дьявольски,devilishly
единодушно,unanimously
загадочно,mysteriously
заокеанский,transoceanic
запрет,ban
заросший,overgrown
застенчивый,shy
импортный,imported
идиллия,idyll
идол,idol
излишне,excessively
иллюстрация,illustration
инерция,inertia
иностранец,foreigner
иронический,ironical
искание,search
истерия,hysteria
исток,source
истребление,extermination
каприз,caprice
каучук,rubber
кверху,upwards
кит,whale
кладка,laying
клетчатый,checked
климатический,climatic
кобыла,mare
контрреволюционер,counter-revolutionary
королева,queen
корона,crown
кружево,lace
легальный,legal
ледник,glacier
лесоруб,lumberjack
лимон,lemon
лиса,fox
мех,fur
механизированный,mechanized
механически,mechanically
микроб,microbe
многозначительно,meaningfully
молот,hammer
мольба,entreaty
монархический,monarchic
мотоцикл,motorcycle
мошенник,swindler
навес,awning
наёмный,hired
наследственный,inherited
небосклон,horizon
невольный,involuntary
недостойный,unworthy
незаконно,illegally
нездоровый,unhealthy
непостижимый,incomprehensible
неправый,wrong
несравненно,incomparably
нетерпеливый,impatient
неудачно,unsuccessfully
ничтожество,nonentity
нора,burrow
ноша,burden
община,community
овация,ovation
огорчение,distress
одиннадцатый,eleventh
озлобленный,embittered
оказание,rendering
опоздание,lateness
отопление,heating
перец,pepper
персона,person
плачущий,tearful
пляска,dance
подоконник,window-sill
полосатый,striped
попутчик,fellow-traveller
поровну,equally
превосходно,splendidly
пригородный,suburban
приёмная,waiting-room
примирение,reconciliation
промежуточный,intermediate
пропорциональный,proportional
пчела,bee
пшено,millet
пята,heel
разнородный,heterogeneous
расизм,racism
расстройство,disorder
реалистический,realistic
ревнивый,jealous
решето,sieve
рогожа,matting
самокритика,self-criticism
самосознание,self-awareness
сенсация,sensation
серийный,serial
синяк,bruise
скалистый,rocky
скромно,modestly
смешок,chuckle
соотечественник,compatriot
сорока,magpie
сосулька,icicle
спешка,haste
стекольщик,glazier
стойко,steadfastly
сука,bitch
сукно,cloth
тайник,hiding-place
территориальный,territorial
титул,title
тиф,typhus
трезво,soberly
триумф,triumph
тугой,tight
турок,Turk
увесистый,weighty
упрямство,obstinacy
уха,fish-soup
финиш,finish
финский,Finnish
хирург,surgeon
христианство,Christianity
целесообразный,expedient
целеустремлённый,purposeful
цивилизованный,civilized
цыган,gypsy
чередование,alternation
чрезмерно,excessively
шаткий,unsteady
швейный,sewing
шпора,spur
штаб-квартира,headquarters
щенок,puppy
электроника,electronics
автономный,autonomous
азбука,alphabet
акула,shark
аренда,lease
бабочка,butterfly
багаж,luggage
бдительный,vigilant
безответственный,irresponsible
бинт,bandage
блоха,flea
бритва,razor
величавый,majestic
виселица,gallows
воск,wax
гнусный,vile
горб,hump
гусеница,caterpillar
домысел,conjecture
душистый,fragrant
евангелие,gospel
еврей,Jew
единогласно,unanimously
ёж,hedgehog
жанр,genre
жемчужина,pearl
жуткий,terrible
заём,loan
зонтик,umbrella
ива,willow
искушение,temptation
квитанция,receipt
клей,glue
клумба,flower-bed
коврик,rug
красноречие,eloquence
кумир,idol
кутёж,drinking-bout
лак,varnish
ласточка,swallow
лезвие,blade
лестный,flattering
лицемерие,hypocrisy
миска,bowl
мятеж,rebellion
нарекание,reprimand
незваный,uninvited
незыблемый,unshakable
неистовый,frenzied
несовместимый,incompatible
обаяние,charm
отменный,excellent
пасынок,stepson
пир,feast
пластмасса,plastic
пляж,beach
позитивный,positive
поклонник,admirer
половой,sexual
поместье,estate
помидор,tomato
поросёнок,piglet
портной,tailor
пословица,proverb
послушный,obedient
похмелье,hangover
прадед,great-grandfather
предосудительный,reprehensible
приемлемый,acceptable
признательный,grateful
пролив,strait
просо,millet
пруд,pond
развод,divorce
разительный,striking
раскаяние,repentance
селёдка,herring
сквозняк,draught
скорлупа,shell
слюна,saliva
смета,estimate
соловей,nightingale
талон,coupon
умеренный,moderate
утечка,leak
фея,fairy
шествие,procession
этажерка,bookcase
